estatistica,valor
LM_White,7.626551322668643
p_LM,0.02207574771847122
F_White,11.246474332595671
p_F,0.00651372557850337
