caso,educ_prevista
A_sem_irmaos_pais12,14.451999999999998
B_sem_irmaos_pais16,15.815999999999999
diferenca_B_menos_A,1.3640000000000008
