indicador,valor
F_conjunto,200.87919105907383
intercepto_Y_milhoes,-5.732255278982137
intercepto_K_milhoes,3.7700528827856905
IC_inf_2pct_K,0.003999071999999999
IC_sup_2pct_K,0.011024928000000002
