indicador,valor
peso_cigs0,119.77
peso_cigs20,109.49
reducao_kg,0.29143286
cigs_para_110oz,19.007782101167308
