parametro,estimativa,erro_padrao
const,0.568131868131867,0.9284213850208687
ACT,0.10219780219780228,0.03569201898149167
